yr,mnth,holiday,weekday,workingday,weathersit,temp,windspeed,cnt,season_2,season_3,season_4
-1.001368926034455,1,0,6,0,2,-0.8266621329842936,-0.387891690563003,985,False,False,False
-1.001368926034455,1,0,0,0,2,-0.7210947086258755,0.7496017172737983,801,False,False,False
-1.001368926034455,1,0,1,1,1,-1.6346566450472237,0.7466318617370079,1349,False,False,False
-1.001368926034455,1,0,2,1,1,-1.614779727488982,-0.38982855286960544,1562,False,False,False
-1.001368926034455,1,0,3,1,1,-1.4674139225886729,-0.046306654170613734,1600,False,False,False
-1.001368926034455,1,0,4,1,1,-1.5910105202438678,-1.3031340224417987,1606,False,False,False
-1.001368926034455,1,0,5,1,2,-1.6337929066054742,-0.2809768912385539,1510,False,False,False
-1.001368926034455,1,0,6,0,2,-1.8061141924335535,0.9854469841410766,959,False,False,False
-1.001368926034455,1,0,0,0,1,-1.951894654624322,2.21401165763432,822,False,False,False
-1.001368926034455,1,0,1,1,1,-1.883560917144118,0.42327915585743536,1321,False,False,False
-1.001368926034455,1,0,2,1,2,-1.7837499268310326,-0.8826179733307508,1263,False,False,False
-1.001368926034455,1,0,3,1,1,-1.763873009272791,1.473833270958546,1162,False,False,False
-1.001368926034455,1,0,4,1,1,-1.8061141924335535,1.4269999403849014,1406,False,False,False
-1.001368926034455,1,0,5,1,1,-1.8286916592970133,-0.8255967470243779,1421,False,False,False
-1.001368926034455,1,0,6,0,2,-1.43255824977477,-0.4199532179449606,1248,False,False,False
-1.001368926034455,1,0,0,0,1,-1.4416657703061317,-0.026511921397138066,1204,False,False,False
-1.001368926034455,1,1,1,0,2,-1.7468934421837095,0.045591006069978554,1000,False,False,False
-1.001368926034455,1,0,2,1,2,-1.5236662552823768,-0.5644173211867407,683,False,False,False
-1.001368926034455,1,0,3,1,2,-1.1108922140089543,0.23023854596606866,1650,False,False,False
-1.001368926034455,1,0,4,1,2,-1.2776648003536417,0.06995673388703602,1927,False,False,False
-1.001368926034455,1,0,5,1,1,-1.7377804549533495,2.1015703445283656,1543,False,False,False
-1.001368926034455,1,0,6,0,1,-2.384871428716292,-0.23908901575443356,981,False,False,False
-1.001368926034455,1,0,0,0,1,-2.1804644464568073,0.7245645438571188,986,False,False,False
-1.001368926034455,1,0,1,1,1,-2.1757106050077843,-0.41521436150147345,1416,False,False,False
-1.001368926034455,1,0,2,1,2,-1.486432568404163,-0.7836572218787485,1985,False,False,False
-1.001368926034455,1,0,3,1,3,-1.5191124950166959,1.3346761704368566,506,False,False,False
-1.001368926034455,1,0,4,1,1,-1.6421132224810635,-0.9897264588858604,431,False,False,False
-1.001368926034455,1,0,5,1,2,-1.5957665483724899,-0.8675362721700072,1167,False,False,False
-1.001368926034455,1,0,6,0,1,-1.6337929066054742,-0.5826238268688027,1098,False,False,False
-1.001368926034455,1,0,0,0,1,-1.5244589266371473,-1.5043430263008764,1096,False,False,False
-1.001368926034455,1,0,1,1,2,-1.7195599471916279,-0.04253622888042801,1501,False,False,False
-1.001368926034455,2,0,2,1,2,-1.657562113850588,-1.772528728722263,1360,False,False,False
-1.001368926034455,2,0,3,1,2,-1.2867777875840016,0.9532175953592136,1526,False,False,False
-1.001368926034455,2,0,4,1,1,-1.686081882525326,1.126812107692293,1550,False,False,False
-1.001368926034455,2,0,5,1,2,-1.5529841620108837,-0.8089268187722202,1708,False,False,False
-1.001368926034455,2,0,6,0,2,-1.43255824977477,-0.37971813162914114,1005,False,False,False
-1.001368926034455,2,0,0,0,1,-1.1455565523579123,-0.6286565876890515,1623,False,False,False
-1.001368926034455,2,0,1,1,1,-1.2229978103694783,-1.8733062570178587,1712,False,False,False
-1.001368926034455,2,0,2,1,1,-1.5008919872549744,2.21401165763432,1530,False,False,False
-1.001368926034455,2,0,3,1,2,-1.9713014360687005,-0.021269480753934165,1605,False,False,False
-1.001368926034455,2,0,4,1,1,-1.9190124601488479,0.4060798185748066,1538,False,False,False
-1.001368926034455,2,0,5,1,1,-1.6744159468627058,-1.0579943989859044,1746,False,False,False
-1.001368926034455,2,0,6,0,1,-1.491779000024614,0.16632208984819122,1472,False,False,False
-1.001368926034455,2,0,0,0,1,-0.9777890267955132,0.9089925726917933,1589,False,False,False
-1.001368926034455,2,0,1,1,1,-0.43943944282946923,2.9365645973200127,1913,False,False,False
-1.001368926034455,2,0,2,1,1,-1.2535019907806413,1.302705029962541,1815,False,False,False
-1.001368926034455,2,0,3,1,1,-0.9682824372372673,0.7915928920809367,2115,False,False,False
-1.001368926034455,2,0,4,1,1,-0.3255517025954614,0.5115613397923703,2475,False,False,False
-1.001368926034455,2,0,5,1,1,0.14367693923460642,0.9611845556470384,2927,False,False,False
-1.001368926034455,2,0,6,0,1,-0.525993688071395,4.092935956438498,1635,False,False,False
-1.001368926034455,2,0,0,0,1,-1.1489240389409368,0.42286595856536013,1812,False,False,False
-1.001368926034455,2,1,1,0,2,-1.0498893198856263,1.5153983360582326,1107,False,False,False
-1.001368926034455,2,0,2,1,1,-1.7119667022828275,0.06710309008864192,1450,False,False,False
-1.001368926034455,2,0,3,1,1,-1.495939157962409,-1.244410939788691,1917,False,False,False
-1.001368926034455,2,0,4,1,2,-1.091879034892462,0.7748713141672701,1807,False,False,False
-1.001368926034455,2,0,5,1,2,-0.7163386804972535,2.0150184242539955,1461,False,False,False
-1.001368926034455,2,0,6,0,1,-1.1637770601196342,-0.05055483882976185,1969,False,False,False
-1.001368926034455,2,0,0,0,1,-0.8304286885942025,-0.8423828870149315,2402,False,False,False
-1.001368926034455,2,0,1,1,2,-0.4816806259902322,1.2809088728055755,1446,False,False,False
-1.001368926034455,3,0,2,1,1,-1.25033130536156,0.334932409845614,1851,False,False,False
-1.001368926034455,3,0,3,1,1,-0.8767753627027761,1.5152304746583272,2134,False,False,False
-1.001368926034455,3,0,4,1,1,-1.623892714719342,0.4553923329009024,1685,False,False,False
-1.001368926034455,3,0,5,1,2,-1.2776648003536417,0.16605092912526698,1944,False,False,False
-1.001368926034455,3,0,6,0,2,-0.6079941730476403,0.792625885311125,2077,False,False,False
-1.001368926034455,3,0,0,0,2,-0.6497870868905329,1.9730272494468568,605,False,False,False
-1.001368926034455,3,0,1,1,1,-1.2772711980257556,1.9480417256916862,1872,False,False,False
-1.001368926034455,3,0,2,1,1,-1.1091100701354708,-0.901754172919982,2133,False,False,False
-1.001368926034455,3,0,3,1,2,-1.090889562373749,0.3830311571262389,1891,False,False,False
-1.001368926034455,3,0,4,1,3,-0.5810761471794379,0.9218275135768789,623,False,False,False
-1.001368926034455,3,0,5,1,2,-0.9777890267955132,0.5485683222638524,1977,False,False,False
-1.001368926034455,3,0,6,0,1,-0.9086626179605388,0.3911014167370819,2132,False,False,False
-1.001368926034455,3,0,0,0,1,-0.6070047005289266,1.034514162575003,2417,False,False,False
-1.001368926034455,3,0,1,1,1,-0.9302560790042834,-0.6915917002382505,2046,False,False,False
-1.001368926034455,3,0,2,1,2,-0.9730384653658897,-0.079762722413325,2056,False,False,False
-1.001368926034455,3,0,3,1,2,-0.7115881190676296,0.16309398600385397,2192,False,False,False
-1.001368926034455,3,0,4,1,1,-0.43943944282946923,0.24653401417228285,2744,False,False,False
-1.001368926034455,3,0,5,1,1,0.2438979319725734,0.5233503750318899,3239,False,False,False
-1.001368926034455,3,0,6,0,1,-0.12510425042052978,2.2942881440352987,3117,False,False,False
-1.001368926034455,3,0,0,0,1,-0.8904421101988169,0.2225427464011685,2471,False,False,False
-1.001368926034455,3,0,1,1,2,-0.3550609437889129,1.2692489617198295,2077,True,False,False
-1.001368926034455,3,0,2,1,1,-0.2936589806387008,0.455340683239393,2703,True,False,False
-1.001368926034455,3,0,3,1,2,-0.811410042778712,0.5652382505160098,2121,True,False,False
-1.001368926034455,3,0,4,1,2,-1.1501103126235932,0.688241919400636,1865,True,False,False
-1.001368926034455,3,0,5,1,1,-1.263998052857601,0.5195799497417041,2210,True,False,False
-1.001368926034455,3,0,6,0,1,-1.2548905323262391,0.24643071484926432,2496,True,False,False
-1.001368926034455,3,0,0,0,2,-1.324809612515984,-0.07987893415172126,1693,True,False,False
-1.001368926034455,3,0,1,1,1,-1.2630085803388873,0.28042910453782405,2028,True,False,False
-1.001368926034455,3,0,2,1,1,-1.0544430801513072,0.4714295527995697,2425,True,False,False
-1.001368926034455,3,0,3,1,2,-1.0681098276473482,-0.22723541843802755,1536,True,False,False
-1.001368926034455,3,0,4,1,3,-1.2412237848301984,0.3506984690213571,1685,True,False,False
-1.001368926034455,4,0,5,1,2,-1.0681098276473482,0.8809080692460596,2227,True,False,False
-1.001368926034455,4,0,6,0,2,-0.986109342671103,0.08599395378570333,2252,True,False,False
-1.001368926034455,4,0,0,0,1,-0.6398868950044011,-0.10682714504424823,3249,True,False,False
-1.001368926034455,4,0,1,1,1,0.4261194096867849,2.5190158212626796,3115,True,False,False
-1.001368926034455,4,0,2,1,2,-0.4439932030951499,2.551245210044543,1795,True,False,False
-1.001368926034455,4,0,3,1,1,-0.5715531575241969,0.9371416382144142,2808,True,False,False
-1.001368926034455,4,0,4,1,1,-0.3164387153651015,-0.3637971234688697,3141,True,False,False
-1.001368926034455,4,0,5,1,2,-0.8722216024370955,0.4713779031380603,1471,True,False,False
-1.001368926034455,4,0,6,0,2,-0.8357751202146535,-0.7412141125334023,2455,True,False,False
-1.001368926034455,4,0,0,0,2,-0.3756594656149456,-0.5645206205097593,2895,True,False,False
-1.001368926034455,4,0,1,1,2,0.5481306646324391,1.7301059789527906,3348,True,False,False
-1.001368926034455,4,0,2,1,2,0.03889671953196021,1.0897147383131693,2034,True,False,False
-1.001368926034455,4,0,3,1,2,-0.4531061903255101,0.776433716427929,2162,True,False,False
-1.001368926034455,4,0,4,1,1,-0.1524377454126112,-1.030232705924604,3267,True,False,False
-1.001368926034455,4,1,5,0,1,-0.26632548564661906,0.46341094285023593,3126,True,False,False
-1.001368926034455,4,0,6,0,3,-0.3528851975875431,1.9410173717264085,795,True,False,False
-1.001368926034455,4,0,0,0,1,-0.2116584956624556,1.4592293291667644,3744,True,False,False
-1.001368926034455,4,0,1,1,1,0.09356370951612365,-0.3475920421702971,3429,True,False,False
-1.001368926034455,4,0,2,1,2,0.05711722729368204,-0.4198499186219417,3204,True,False,False
-1.001368926034455,4,0,3,1,1,0.5445663768854717,0.6641990019680122,3944,True,False,False
-1.001368926034455,4,0,4,1,1,-0.19799174816641474,1.7402293126086323,4189,True,False,False
-1.001368926034455,4,0,5,1,2,-0.8676623754724162,0.3749092478538862,1683,True,False,False
-1.001368926034455,4,0,6,0,2,-0.19343798790073377,0.5195799497417041,4036,True,False,False
-1.001368926034455,4,0,0,0,2,0.471678879139587,0.02180633694490201,4191,True,False,False
-1.001368926034455,4,0,1,1,1,0.608346354099995,-0.06654040906691971,4073,True,False,False
-1.001368926034455,4,0,2,1,1,0.7450138290604036,1.7562665325073,4400,True,False,False
-1.001368926034455,4,0,3,1,2,0.6812338518458803,1.5716189926112094,3872,True,False,False
-1.001368926034455,4,0,4,1,2,0.6675671043498397,1.6840603057171648,4058,True,False,False
-1.001368926034455,4,0,5,1,1,0.07989696202008309,0.6401560845353884,4595,True,False,False
-1.001368926034455,4,0,6,0,1,-0.12510425042052978,0.5757489566331719,5312,True,False,False
-1.001368926034455,5,0,0,0,2,-0.23899199065453733,-1.0863500631545624,3351,True,False,False
-1.001368926034455,5,0,1,1,2,0.29401116169105557,-0.09080283756095828,4401,True,False,False
-1.001368926034455,5,0,2,1,2,0.6630133440841585,1.9650215519129004,4451,True,False,False
-1.001368926034455,5,0,3,1,2,-0.4439932030951499,1.788495921289163,2633,True,False,False
-1.001368926034455,5,0,4,1,1,-0.19799174816641474,1.3545871149487285,4433,True,False,False
-1.001368926034455,5,0,5,1,1,-0.08865776819808788,0.48757007202125596,4608,True,False,False
-1.001368926034455,5,0,6,0,1,0.13456395200424653,-0.38784004090149354,4714,True,False,False
-1.001368926034455,5,0,0,0,1,0.18011795475805006,-1.4958866854702506,4333,True,False,False
-1.001368926034455,5,0,1,1,1,0.20289768948445053,-0.18705198178371757,4362,True,False,False
-1.001368926034455,5,0,2,1,1,0.20289768948445053,-0.9660450890838024,4803,True,False,False
-1.001368926034455,5,0,3,1,1,0.25756467946861394,-0.9018574722430007,4182,True,False,False
-1.001368926034455,5,0,4,1,1,0.2165644369804917,-0.010578000821489292,4864,True,False,False
-1.001368926034455,5,0,5,1,2,0.09356370951612365,-0.13895323450309266,4105,True,False,False
-1.001368926034455,5,0,6,0,2,0.1391177122699272,-0.7171066330238921,3409,True,False,False
-1.001368926034455,5,0,0,0,2,0.36689865943694083,-0.48430869618566763,4553,True,False,False
-1.001368926034455,5,0,1,1,1,0.44889914441318596,-0.8214260368574939,3958,True,False,False
-1.001368926034455,5,0,2,1,2,0.36234489917126017,1.1216729663721081,4123,True,False,False
-1.001368926034455,5,0,3,1,2,0.29856492195673684,0.1421113110156621,3855,True,False,False
-1.001368926034455,5,0,4,1,2,0.1937847022540906,-1.0623458829680708,4575,True,False,False
-1.001368926034455,5,0,5,1,1,0.22567742421085157,-0.8454173046286083,4917,True,False,False
-1.001368926034455,5,0,6,0,1,0.5855666193735946,-0.901754172919982,5805,True,False,False
-1.001368926034455,5,0,0,0,1,0.5946796066039545,-0.5484963130264693,4660,True,False,False
-1.001368926034455,5,0,1,1,2,0.7450138290604036,0.5598279484729005,4274,True,False,False
-1.001368926034455,5,0,2,1,2,0.899901811782534,0.21442083712881616,4492,True,False,False
-1.001368926034455,5,0,3,1,1,0.9044555720482147,-0.46811652730247194,4978,True,False,False
-1.001368926034455,5,0,4,1,1,1.1641237744729906,0.1182233425675663,4677,True,False,False
-1.001368926034455,5,0,5,1,1,1.0183487789812207,0.6481101324078354,4679,True,False,False
-1.001368926034455,5,0,6,0,1,0.877122077056133,0.5114063908078419,4758,True,False,False
-1.001368926034455,5,0,0,0,1,0.9409020542706563,0.30281923280214695,4788,True,False,False
-1.001368926034455,5,1,1,0,1,1.3007912494333993,-0.7652053803045167,4098,True,False,False
-1.001368926034455,5,0,2,1,1,1.5285721966004129,-1.0221107966522516,3982,True,False,False
-1.001368926034455,6,0,3,1,2,1.4693514463505688,0.21442083712881616,3974,True,False,False
-1.001368926034455,6,0,4,1,1,1.2005702566954324,1.3144940652020605,4968,True,False,False
-1.001368926034455,6,0,5,1,1,0.6812338518458803,0.8087664045328109,5312,True,False,False
-1.001368926034455,6,0,6,0,1,0.7632343368221254,-0.8695764337996283,5342,True,False,False
-1.001368926034455,6,0,0,0,2,0.8361218345680107,-0.668788374681852,4906,True,False,False
-1.001368926034455,6,0,1,1,1,1.0001228045205004,-0.8856653033598051,4548,True,False,False
-1.001368926034455,6,0,2,1,1,1.15957001420731,-0.03458218100798099,4833,True,False,False
-1.001368926034455,6,0,3,1,1,1.5331259568660935,-0.6929991535143815,4401,True,False,False
-1.001368926034455,6,0,4,1,2,1.7107936743146244,-0.5242855341939402,3915,True,False,False
-1.001368926034455,6,0,5,1,1,1.419238216632086,-0.6447454572492283,4586,True,False,False
-1.001368926034455,6,0,6,0,1,1.2552372466795958,-0.46014956701464793,4966,True,False,False
-1.001368926034455,6,0,0,0,1,1.077569529231065,-0.3475920421702971,4460,True,False,False
-1.001368926034455,6,0,1,1,1,0.7632343368221254,1.4831689472763696,5020,True,False,False
-1.001368926034455,6,0,2,1,1,0.5946796066039545,1.0174568618615247,4891,True,False,False
-1.001368926034455,6,0,3,1,1,0.7176803340683219,-0.2914875973557157,5180,True,False,False
-1.001368926034455,6,0,4,1,2,0.7267878545996838,0.2064022271794823,3767,True,False,False
-1.001368926034455,6,0,5,1,1,0.84068106153269,-0.6127872291902898,4844,True,False,False
-1.001368926034455,6,0,6,0,1,1.100349263957466,-0.9177913928186493,5119,True,False,False
-1.001368926034455,6,0,0,0,2,1.1140160114535065,-1.1425707197075399,4744,True,False,False
-1.001368926034455,6,0,1,1,2,0.7632343368221254,-0.45207930740380464,4010,True,False,False
-1.001368926034455,6,0,2,1,2,1.0137895520165416,-0.25129124828602833,4835,False,True,False
-1.001368926034455,6,0,3,1,1,1.3007912494333993,-0.23531859046424786,4507,False,True,False
-1.001368926034455,6,0,4,1,2,1.2734577544413175,0.623899353575306,4790,False,True,False
-1.001368926034455,6,0,5,1,1,1.2506834864139151,0.40724193595876806,4991,False,True,False
-1.001368926034455,6,0,6,0,1,1.0912362767271053,0.24643071484926432,5202,False,True,False
-1.001368926034455,6,0,0,0,1,1.009235791750861,-1.2389838516055913,5305,False,True,False
-1.001368926034455,6,0,1,1,2,1.0229025392469013,-1.0704161425789138,4708,False,True,False
-1.001368926034455,6,0,2,1,1,1.360017466382242,-0.5965950603070942,4648,False,True,False
-1.001368926034455,6,0,3,1,1,1.2734577544413175,0.9211044183157473,5225,False,True,False
-1.001368926034455,6,0,4,1,1,1.100349263957466,-0.06681156978984396,5515,False,True,False
-1.001368926034455,7,0,5,1,1,1.2415704991835552,-1.1347199711581117,5362,False,True,False
-1.001368926034455,7,0,6,0,1,1.328124744425481,-0.9739087500486079,5119,False,True,False
-1.001368926034455,7,0,0,0,2,1.2096832439257927,0.49547247023219354,4649,False,True,False
-1.001368926034455,7,1,1,0,2,1.2643502339099557,-1.4075438131830422,6043,False,True,False
-1.001368926034455,7,0,2,1,1,1.3736842138782825,-0.8293413474838089,4665,False,True,False
-1.001368926034455,7,0,3,1,1,1.227903751687514,-0.5242855341939402,4629,False,True,False
-1.001368926034455,7,0,4,1,1,1.3919047216400042,-0.40398056012317973,4592,False,True,False
-1.001368926034455,7,0,5,1,2,1.16868300143767,0.44732207329005913,4040,False,True,False
-1.001368926034455,7,0,6,0,1,1.3007912494333993,-0.2914875973557157,5336,False,True,False
-1.001368926034455,7,0,0,0,1,1.3782379741439637,-0.0905833264995435,4881,False,True,False
-1.001368926034455,7,0,1,1,1,1.4602384591202082,1.1860155321974382,4086,False,True,False
-1.001368926034455,7,0,2,1,1,1.6333524163030586,0.12612574077850386,4258,False,True,False
-1.001368926034455,7,0,3,1,1,1.3736842138782825,-0.5727070918589984,4342,False,True,False
-1.001368926034455,7,0,4,1,1,1.0137895520165416,0.6479551834233072,5084,False,True,False
-1.001368926034455,7,0,5,1,1,0.9181223195442553,-0.09882144751029212,5538,False,True,False
-1.001368926034455,7,0,6,0,1,1.0456822739733025,0.23056135635050234,5923,False,True,False
-1.001368926034455,7,0,0,0,1,1.2233499914218333,0.7043307889608128,5302,False,True,False
-1.001368926034455,7,0,1,1,1,1.3736842138782825,0.32691379989628017,4458,False,True,False
-1.001368926034455,7,0,2,1,1,1.5376851838307728,-0.77327563991536,4541,False,True,False
-1.001368926034455,7,0,3,1,1,1.4921257143779714,-0.9899847071934073,4332,False,True,False
-1.001368926034455,7,0,4,1,2,1.747240156537066,0.4071902862972586,3784,False,True,False
-1.001368926034455,7,0,5,1,1,1.9294616342512783,-0.7409946014719875,3387,False,True,False
-1.001368926034455,7,0,6,0,1,1.9340208612159573,-0.7652570299660261,3285,False,True,False
-1.001368926034455,7,0,0,0,1,1.8292406415133111,-0.2752308663956336,3606,False,True,False
-1.001368926034455,7,0,1,1,1,1.3554582394175627,-1.2870825988862162,3840,False,True,False
-1.001368926034455,7,0,2,1,1,1.510351688838691,0.12617739044001333,4590,False,True,False
-1.001368926034455,7,0,3,1,1,1.5285721966004129,-0.09068662582256239,4656,False,True,False
-1.001368926034455,7,0,4,1,1,1.551351931326814,-0.1550421040632694,4390,False,True,False
-1.001368926034455,7,0,5,1,1,1.8747946442671146,-0.21109489921634136,3846,False,True,False
-1.001368926034455,7,0,6,0,1,1.688019406287222,-0.28341733774487277,4475,False,True,False
-1.001368926034455,7,0,0,0,1,1.6971269268185838,-0.33150317261012036,4302,False,True,False
-1.001368926034455,8,0,1,1,1,1.510351688838691,-0.43604208750513734,4266,False,True,False
-1.001368926034455,8,0,2,1,1,1.574126199354216,0.19838361723014883,4845,False,True,False
-1.001368926034455,8,0,3,1,2,1.2916837289020373,-0.7089330740900299,3574,False,True,False
-1.001368926034455,8,0,4,1,2,1.1732367617033506,0.08604560344721278,4576,False,True,False
-1.001368926034455,8,0,5,1,1,1.177790521969032,-0.07476561766229098,4866,False,True,False
-1.001368926034455,8,0,6,0,2,1.2096832439257927,0.4876217216827654,4294,False,True,False
-1.001368926034455,8,0,0,0,1,1.350904479151882,0.14204674893877528,3785,False,True,False
-1.001368926034455,8,0,1,1,1,1.4739052066162495,0.02180633694490201,4326,False,True,False
-1.001368926034455,8,0,2,1,1,1.5285721966004129,-0.5082999639567819,4602,False,True,False
-1.001368926034455,8,0,3,1,1,1.4830181938466094,0.12617739044001333,4780,False,True,False
-1.001368926034455,8,0,4,1,1,1.2142370041914734,-0.3317226836715351,4792,False,True,False
-1.001368926034455,8,0,5,1,1,1.1641237744729906,-0.8375665560791802,4905,False,True,False
-1.001368926034455,8,0,6,0,2,1.0411230470086232,0.27074479300481236,4150,False,True,False
-1.001368926034455,8,0,0,0,2,0.9910152839891391,0.4150926845081962,3820,False,True,False
-1.001368926034455,8,0,1,1,1,0.9317890670402964,0.23846375456143992,4338,False,True,False
-1.001368926034455,8,0,2,1,1,1.1231235319848685,0.5919411255163676,4725,False,True,False
-1.001368926034455,8,0,3,1,1,1.2461242594492359,-0.6045491081795412,4694,False,True,False
-1.001368926034455,8,0,4,1,1,1.1823497489337111,0.5516414771236614,3805,False,True,False
-1.001368926034455,8,0,5,1,2,1.0365692867429426,-0.6608343268094053,4153,False,True,False
-1.001368926034455,8,0,6,0,1,1.1049030242231466,-1.1107157909716199,5191,False,True,False
-1.001368926034455,8,0,0,0,1,1.177790521969032,0.7523778865799282,3873,False,True,False
-1.001368926034455,8,0,1,1,1,1.0730157689653843,1.1138738674841895,4758,False,True,False
-1.001368926034455,8,0,2,1,1,0.7951215920798878,-0.5645722701712687,5895,False,True,False
-1.001368926034455,8,0,3,1,1,0.9727893095284187,0.8085985431329056,5130,False,True,False
-1.001368926034455,8,0,4,1,2,1.0320155264772612,0.2627261830554785,3542,False,True,False
-1.001368926034455,8,0,5,1,1,1.1185697717191871,-1.3754784120764716,4661,False,True,False
-1.001368926034455,8,0,6,0,2,1.009235791750861,2.390485638596548,1115,False,True,False
-1.001368926034455,8,0,0,0,1,1.1571591999490083,1.4742464682506216,4334,False,True,False
-1.001368926034455,8,0,1,1,1,0.7723473240524853,-0.39591030051233683,4634,False,True,False
-1.001368926034455,8,0,2,1,1,0.7860140715485264,-0.8454818667054951,5204,False,True,False
-1.001368926034455,8,0,3,1,1,0.8816813040208121,-1.3836029038318995,5058,False,True,False
-1.001368926034455,9,0,4,1,1,0.8725683167904523,-0.6287082373505609,5115,False,True,False
-1.001368926034455,9,0,5,1,2,0.808788339575929,-0.6528157168600716,4727,False,True,False
-1.001368926034455,9,0,6,0,1,0.9500150415010161,-0.0666437083899386,4484,False,True,False
-1.001368926034455,9,0,0,0,1,1.16868300143767,0.20635057751797323,4940,False,True,False
-1.001368926034455,9,1,1,0,2,0.9727893095284187,0.28678201290347966,3351,False,True,False
-1.001368926034455,9,0,2,1,3,0.2438979319725734,1.9814977939343976,2710,False,True,False
-1.001368926034455,9,0,3,1,3,0.5673461116118728,-1.2068642183544358,1996,False,True,False
-1.001368926034455,9,0,4,1,3,0.7572920350108465,0.029205150956122833,1842,False,True,False
-1.001368926034455,9,0,5,1,2,0.8452348217983706,-0.8536037759778476,3544,False,True,False
-1.001368926034455,9,0,6,0,1,0.899901811782534,-0.47618678691331523,5345,False,True,False
-1.001368926034455,9,0,0,0,1,0.8634553295600924,-0.9740120493716267,5046,False,True,False
-1.001368926034455,9,0,1,1,1,0.8143370390593215,-1.3115554997509056,4713,False,True,False
-1.001368926034455,9,0,2,1,1,0.8497885820640513,-0.628604938027542,4763,False,True,False
-1.001368926034455,9,0,3,1,1,0.9727893095284187,-0.29938999556665324,4785,False,True,False
-1.001368926034455,9,0,4,1,2,0.44889914441318596,1.0415126917095259,3659,False,True,False
-1.001368926034455,9,0,5,1,2,-0.14332475818225132,-0.3396379942978501,4760,False,True,False
-1.001368926034455,9,0,6,0,2,-0.020324030717883582,-0.010474701498470398,4511,False,True,False
-1.001368926034455,9,0,0,0,1,0.06623021452404193,-0.15499045440175996,4274,False,True,False
-1.001368926034455,9,0,1,1,2,0.29401116169105557,-0.5002813540074484,4539,False,True,False
-1.001368926034455,9,0,2,1,2,0.36234489917126017,-0.7170549833623826,3641,False,True,False
-1.001368926034455,9,0,3,1,2,0.5445663768854717,-1.214826013676109,4352,False,True,False
-1.001368926034455,9,0,4,1,2,0.7267878545996838,-0.8052338679742986,4795,False,True,False
-1.001368926034455,9,0,5,1,2,0.6220131015960362,-1.4477337060450408,2395,False,False,True
-1.001368926034455,9,0,6,0,2,0.608346354099995,-1.4475193599497769,5423,False,False,True
-1.001368926034455,9,0,0,0,2,0.7586805765564447,-1.8091199314185948,5010,False,False,True
-1.001368926034455,9,0,1,1,2,0.84068106153269,-1.030232705924604,4630,False,False,True
-1.001368926034455,9,0,2,1,2,0.7723473240524853,-0.93376405064043,4120,False,False,True
-1.001368926034455,9,0,3,1,2,0.7632343368221254,-0.5404777030771355,3907,False,False,True
-1.001368926034455,9,0,4,1,1,0.6630133440841585,-0.227299980514914,4839,False,False,True
-1.001368926034455,9,0,5,1,1,0.3760116466673007,0.20645387684099176,5202,False,False,True
-1.001368926034455,10,0,6,0,2,-0.46677293782155094,1.3146102769404562,2429,False,False,True
-1.001368926034455,10,0,0,0,2,-0.7583283955040894,0.40708698697423973,2918,False,False,True
-1.001368926034455,10,0,1,1,2,-0.6079941730476403,-1.3834414986396828,3570,False,False,True
-1.001368926034455,10,0,2,1,1,-0.061324273206006155,0.19843526689165827,4456,False,False,True
-1.001368926034455,10,0,3,1,1,0.2347849447422129,-0.17091146256203138,4826,False,False,True
-1.001368926034455,10,0,4,1,1,-0.006657283221842722,-0.7170549833623826,4765,False,False,True
-1.001368926034455,10,0,5,1,1,0.08445072228576375,-2.1705061567921486,4985,False,False,True
-1.001368926034455,10,0,6,0,1,0.14367693923460642,-1.8733591979209057,5409,False,False,True
-1.001368926034455,10,0,0,0,1,0.24845169223825406,-1.6403443325043419,5511,False,False,True
-1.001368926034455,10,1,1,0,1,0.41245266219074433,-1.9133876855906875,5117,False,False,True
-1.001368926034455,10,0,2,1,2,0.3896783941633419,-0.6126193677903842,4563,False,False,True
-1.001368926034455,10,0,3,1,3,0.2621184397342946,0.7445787876920096,2416,False,False,True
-1.001368926034455,10,0,4,1,2,0.5126791216277093,-0.6288244490889572,2913,False,False,True
-1.001368926034455,10,0,5,1,2,0.3031186822224175,0.4312332037298824,3644,False,False,True
-1.001368926034455,10,0,6,0,1,0.06167645425836127,0.8728378096352166,5217,False,False,True
-1.001368926034455,10,0,0,0,1,0.08900994925044299,1.1780098346634815,5041,False,False,True
-1.001368926034455,10,0,1,1,1,0.21201067671481041,-0.19507059173305105,4570,False,False,True
-1.001368926034455,10,0,2,1,2,0.20289768948445053,-1.038148016550919,4748,False,False,True
-1.001368926034455,10,0,3,1,3,0.25340452153081905,0.6824571573115836,2424,False,False,True
-1.001368926034455,10,0,4,1,1,-0.10688374265880797,2.9929531152728956,4195,False,False,True
-1.001368926034455,10,0,5,1,1,-0.37110570534926496,0.3991200266864157,4304,False,False,True
-1.001368926034455,10,0,6,0,1,-0.39843920034134667,-1.2630861661489508,4308,False,False,True
-1.001368926034455,10,0,0,0,1,-0.40299296060702733,-1.1746903529586954,4381,False,False,True
-1.001368926034455,10,0,1,1,1,-0.17521748013901225,-0.9257454406910963,4187,False,False,True
-1.001368926034455,10,0,2,1,1,-0.12965801068621044,-0.30767976623891136,4687,False,False,True
-1.001368926034455,10,0,3,1,2,-0.061324273206006155,-0.5403098416772301,3894,False,False,True
-1.001368926034455,10,0,4,1,2,-0.13877099791657066,0.09396091407352772,2659,False,False,True
-1.001368926034455,10,0,5,1,2,-0.8995550974291772,0.503491080181527,3747,False,False,True
-1.001368926034455,10,0,6,0,3,-1.3186650428417643,2.0774112153573454,627,False,False,True
-1.001368926034455,10,0,0,0,1,-0.9633296079447022,-0.1790850214958932,3331,False,False,True
-1.001368926034455,10,0,1,1,1,-0.8494418677106944,-1.086401712816072,3669,False,False,True
-1.001368926034455,11,0,2,1,1,-0.5168861675400335,-0.7090880230745582,4068,False,False,True
-1.001368926034455,11,0,3,1,1,-0.6444406552700818,-1.399634958764416,4186,False,False,True
-1.001368926034455,11,0,4,1,1,-0.47588592505191085,-0.6929991535143815,3974,False,False,True
-1.001368926034455,11,0,5,1,2,-0.5032194200439926,1.0496862506433877,4046,False,False,True
-1.001368926034455,11,0,6,0,1,-0.9223293654565796,-0.018390012124785336,3926,False,False,True
-1.001368926034455,11,0,0,0,1,-0.8038878649568911,-1.270995020567577,3649,False,False,True
-1.001368926034455,11,0,1,1,1,-0.5487734227977958,-1.7207241182283393,4035,False,False,True
-1.001368926034455,11,0,2,1,1,-0.47588592505191085,-1.5681962115834047,4205,False,False,True
-1.001368926034455,11,0,3,1,1,-0.5214399278057141,-1.656539083870613,4109,False,False,True
-1.001368926034455,11,0,4,1,2,-0.630773907774041,-0.018325450047898525,2933,False,False,True
-1.001368926034455,11,1,5,0,1,-0.9359961129526205,1.6035772206701482,3368,False,False,True
-1.001368926034455,11,0,6,0,1,-0.7583283955040894,0.27859554155424043,4067,False,False,True
-1.001368926034455,11,0,0,0,1,-0.29821820760337997,1.178061484324991,3717,False,False,True
-1.001368926034455,11,0,1,1,1,0.18923094198840995,1.499257816836546,4486,False,False,True
-1.001368926034455,11,0,2,1,2,0.18923094198840995,0.11810713082917039,4195,False,False,True
-1.001368926034455,11,0,3,1,3,-0.2116584956624556,-0.6928442045298532,1817,False,False,True
-1.001368926034455,11,0,4,1,2,-0.8403288804803345,1.483323896260898,3053,False,False,True
-1.001368926034455,11,0,5,1,1,-1.2093310628734373,-0.2834689874063822,3392,False,False,True
-1.001368926034455,11,0,6,0,1,-0.9086626179605388,0.43914851435619734,3663,False,False,True
-1.001368926034455,11,0,0,0,2,-0.17521748013901225,-0.05857344877909532,3520,False,False,True
-1.001368926034455,11,0,1,1,3,-0.26177172538093807,-0.6770264956926006,2765,False,False,True
-1.001368926034455,11,0,2,1,3,-0.43032645559910904,-0.9257454406910963,1607,False,False,True
-1.001368926034455,11,0,3,1,2,-0.29821820760337997,1.8766748059010785,2566,False,False,True
-1.001368926034455,11,1,4,0,1,-0.6672203899964826,-0.2993383459051438,1495,False,False,True
-1.001368926034455,11,0,5,1,1,-0.6581074027661227,-1.1826534395219064,2792,False,False,True
-1.001368926034455,11,0,6,0,1,-0.653553642500442,-1.5761592981466157,3068,False,False,True
-1.001368926034455,11,0,0,0,1,-0.19799174816641474,0.23846375456143992,3071,False,False,True
-1.001368926034455,11,0,1,1,1,0.04424315115241158,-0.6244987899375453,3867,False,False,True
-1.001368926034455,11,0,2,1,2,-0.202550975131094,0.8729540213736126,2914,False,False,True
-1.001368926034455,11,0,3,1,1,-0.9314423526869395,1.0416676406940542,3613,False,False,True
-1.001368926034455,12,0,4,1,1,-0.9997760901671439,0.3831344564492575,3727,False,False,True
-1.001368926034455,12,0,5,1,1,-0.990663102936784,-1.1586595892677167,3940,False,False,True
-1.001368926034455,12,0,6,0,1,-1.0726635879130288,-1.2228433323839052,3614,False,False,True
-1.001368926034455,12,0,0,0,1,-0.8995550974291772,-1.3755326442210565,3485,False,False,True
-1.001368926034455,12,0,1,1,2,-0.5988866525162786,-1.6563776786783961,3811,False,False,True
-1.001368926034455,12,0,2,1,3,-0.17977124040469292,0.5435712175128184,2594,False,False,True
-1.001368926034455,12,0,3,1,3,-0.46677293782155094,0.9773250748687242,705,False,False,True
-1.001368926034455,12,0,4,1,1,-1.2548905323262391,0.6400915224585016,3322,False,False,True
-1.001368926034455,12,0,5,1,1,-1.1182230573658305,-1.3915646991535728,3620,False,False,True
-1.001368926034455,12,0,6,0,1,-1.2047773026077564,0.5518093385235671,3190,False,False,True
-1.001368926034455,12,0,0,0,1,-1.5008919872549744,-1.6004230178821923,2743,False,False,True
-1.001368926034455,12,0,1,1,1,-1.4052247547826884,-1.6403443325043419,3310,False,False,True
-1.001368926034455,12,0,2,1,1,-1.1637770601196342,-0.6447971069107377,3523,False,False,True
-1.001368926034455,12,0,3,1,2,-0.9724425951750622,-1.6725181979000825,3740,False,False,True
-1.001368926034455,12,0,4,1,2,-0.39843920034134667,1.0014325543782348,3709,False,False,True
-1.001368926034455,12,0,5,1,2,-0.6581074027661227,0.9050155487555702,3577,False,False,True
-1.001368926034455,12,0,6,0,2,-1.2958907748143618,0.6802362218666795,2739,False,False,True
-1.001368926034455,12,0,0,0,1,-1.4052247547826884,-0.2673801178462051,2431,False,False,True
-1.001368926034455,12,0,1,1,1,-1.1956643153773965,-0.22713211911500866,3403,False,False,True
-1.001368926034455,12,0,2,1,2,-0.5988866525162786,-1.664609343481456,3750,False,False,True
-1.001368926034455,12,0,3,1,2,-0.36655194508358396,0.39917167634792516,2660,False,False,False
-1.001368926034455,12,0,4,1,2,-0.39388544007566567,-1.8492026512329616,3068,False,False,False
-1.001368926034455,12,0,5,1,1,-0.6672203899964826,1.0815411793793075,2209,False,False,False
-1.001368926034455,12,0,6,0,1,-1.0544430801513072,-0.002352792226118027,1011,False,False,False
-1.001368926034455,12,0,0,0,1,-1.2059635762904128,-0.4570376749087066,754,False,False,False
-1.001368926034455,12,1,1,0,1,-0.9492692581207753,0.6324344601397339,1317,False,False,False
-1.001368926034455,12,0,2,1,2,-0.9314423526869395,-0.026292410335722913,1162,False,False,False
-1.001368926034455,12,0,3,1,1,-1.0728658557759703,1.336109448543742,2302,False,False,False
-1.001368926034455,12,0,4,1,1,-1.350557764798525,-0.9177397431571399,2423,False,False,False
-1.001368926034455,12,0,5,1,1,-1.0043298504328244,-0.7250219436502067,2999,False,False,False
-1.001368926034455,12,0,6,0,1,-0.46677293782155094,0.38308280678774803,2485,False,False,False
0.9986329453622296,1,0,0,0,1,-0.6854408977582044,0.021703037621883116,2294,False,False,False
0.9986329453622296,1,1,1,0,1,-1.2154756325476574,1.7971343271766091,1951,False,False,False
0.9986329453622296,1,0,2,1,1,-1.8881146774097988,2.262058755253436,2236,False,False,False
0.9986329453622296,1,0,3,1,2,-2.1204493848424932,-0.07471396800078152,2368,False,False,False
0.9986329453622296,1,0,4,1,1,-1.2548905323262391,-0.7811909505416749,3272,False,False,False
0.9986329453622296,1,0,5,1,1,-0.8813291229684571,-0.29153924701722517,4098,False,False,False
0.9986329453622296,1,0,6,0,1,-0.557886410028156,-0.2030892016823849,4521,False,False,False
0.9986329453622296,1,0,0,0,1,-0.8631086152067352,0.013632778011039834,3425,False,False,False
0.9986329453622296,1,0,1,1,2,-1.4826660127942541,-1.1825992073773217,2376,False,False,False
0.9986329453622296,1,0,2,1,1,-1.0205714131571195,-0.0378877593445824,3598,False,False,False
0.9986329453622296,1,0,3,1,2,-1.2093310628734373,-0.7652570299660261,2177,False,False,False
0.9986329453622296,1,0,4,1,2,-0.617107160278,-0.12291601460442535,4097,False,False,False
0.9986329453622296,1,0,5,1,1,-1.2093310628734373,2.4226504653015244,3214,False,False,False
0.9986329453622296,1,0,6,0,1,-1.7241137074573087,-0.04265244061882427,2493,False,False,False
0.9986329453622296,1,0,0,0,1,-1.7970012052031936,0.7847105746848098,2311,False,False,False
0.9986329453622296,1,1,1,0,1,-1.6694467174731453,0.5277535086755659,2298,False,False,False
0.9986329453622296,1,0,2,1,2,-0.6688057327060234,2.0484744924967067,2935,False,False,False
0.9986329453622296,1,0,3,1,1,-1.0498893198856263,2.9045547195995645,3376,False,False,False
0.9986329453622296,1,0,4,1,1,-1.6694467174731453,0.3831344564492575,3292,False,False,False
0.9986329453622296,1,0,5,1,2,-1.5191124950166959,0.15835512956036718,3163,False,False,False
0.9986329453622296,1,0,6,0,2,-1.7605601896797507,0.41520889624659246,1301,False,False,False
0.9986329453622296,1,0,0,0,2,-1.8197809399295948,0.11817169290605721,1977,False,False,False
0.9986329453622296,1,0,1,1,2,-1.5145587347510152,-1.0301294066015851,2432,False,False,False
0.9986329453622296,1,0,2,1,1,-0.8357751202146535,-0.8615061741887852,4339,False,False,False
0.9986329453622296,1,0,3,1,1,-1.0999970829051104,-0.37982143095216003,4270,False,False,False
0.9986329453622296,1,0,4,1,2,-0.8403288804803345,-1.5119200316443049,4075,False,False,False
0.9986329453622296,1,0,5,1,2,-0.3847724528453058,1.9650215519129004,3456,False,False,False
0.9986329453622296,1,0,6,0,1,-0.9815555824054223,0.26267453339396907,4023,False,False,False
0.9986329453622296,1,0,0,0,1,-1.1637770601196342,0.6399882231354831,3243,False,False,False
0.9986329453622296,1,0,1,1,1,-1.236664557865519,0.3267588509117522,3624,False,False,False
0.9986329453622296,1,0,2,1,1,-0.5761069177898775,0.9210527686542378,4509,False,False,False
0.9986329453622296,2,0,3,1,1,-0.14332475818225132,-0.018325450047898525,4579,False,False,False
0.9986329453622296,2,0,4,1,2,-0.525993688071395,-0.042600790957314824,3761,False,False,False
0.9986329453622296,2,0,5,1,1,-0.9952223299014632,-0.1548225930018546,4151,False,False,False
0.9986329453622296,2,0,6,0,2,-1.263998052857601,-0.8856653033598051,2832,False,False,False
0.9986329453622296,2,0,0,0,2,-1.2548905323262391,-0.18710363144522665,2947,False,False,False
0.9986329453622296,2,0,1,1,1,-1.1631811899288067,-0.4737076031608643,3784,False,False,False
0.9986329453622296,2,0,2,1,1,-0.7719951430001302,-0.5566182222988216,4375,False,False,False
0.9986329453622296,2,0,3,1,2,-1.3049982953457233,-0.7329759915226537,2802,False,False,False
0.9986329453622296,2,0,4,1,1,-1.2594442925919198,0.045849254377525434,3830,False,False,False
0.9986329453622296,2,0,5,1,2,-1.1728900473499941,-0.9498012705390974,3831,False,False,False
0.9986329453622296,2,0,6,0,3,-1.4826660127942541,1.282329238497084,2169,False,False,False
0.9986329453622296,2,0,0,0,1,-2.0111154048741664,2.8242782331985867,1529,False,False,False
0.9986329453622296,2,0,1,1,1,-1.491779000024614,-0.2996095066280684,3422,False,False,False
0.9986329453622296,2,0,2,1,2,-0.9633296079447022,-0.6366751976383853,3922,False,False,False
0.9986329453622296,2,0,3,1,1,-0.8038878649568911,-0.11474245567056317,4169,False,False,False
0.9986329453622296,2,0,4,1,2,-0.976996355440743,-1.279119512323005,3005,False,False,False
0.9986329453622296,2,0,5,1,1,-0.8312213599489728,0.19833196756863938,4154,False,False,False
0.9986329453622296,2,0,6,0,1,-0.8129953854882528,0.0057174673847248956,4318,False,False,False
0.9986329453622296,2,0,0,0,2,-1.1774438076156748,0.808650192794415,2689,False,False,False
0.9986329453622296,2,1,1,0,1,-1.1774438076156748,0.4983777636920971,3129,False,False,False
0.9986329453622296,2,0,2,1,1,-1.1346614212540684,0.1966662659849615,3777,False,False,False
0.9986329453622296,2,0,3,1,1,-0.5442196625321152,0.5679498577452533,4773,False,False,False
0.9986329453622296,2,0,4,1,1,-0.22532524315849647,0.005510868738687464,5062,False,False,False
0.9986329453622296,2,0,5,1,2,-0.4804396853175918,0.6079266957535254,3487,False,False,False
0.9986329453622296,2,0,6,0,1,-1.1182230573658305,2.984779556339034,2732,False,False,False
0.9986329453622296,2,0,0,0,1,-1.1819975678813557,0.19036500728081499,3389,False,False,False
0.9986329453622296,2,0,1,1,1,-0.703661405519926,1.0013163426398388,4322,False,False,False
0.9986329453622296,2,0,2,1,1,-0.7446616480080485,0.03784355684356932,4363,False,False,False
0.9986329453622296,2,0,3,1,2,-0.8256726604655803,-0.1468039830525208,1834,False,False,False
0.9986329453622296,3,0,4,1,1,-0.05221675267464453,0.4713133410611735,4990,False,False,False
0.9986329453622296,3,0,5,1,2,-0.7765543699648094,-0.5885764503577604,3194,False,False,False
0.9986329453622296,3,0,6,0,2,-0.4439932030951499,-0.37971813162914114,4066,False,False,False
0.9986329453622296,3,0,0,0,1,-0.9268885924212589,1.8604826370178833,3423,False,False,False
0.9986329453622296,3,0,1,1,1,-1.3778912597906066,0.49547247023219354,3333,False,False,False
0.9986329453622296,3,0,2,1,1,-1.2958907748143618,0.1341443507278377,3956,False,False,False
0.9986329453622296,3,0,3,1,1,-0.4986601930793133,2.0052049885672103,4916,False,False,False
0.9986329453622296,3,0,4,1,1,0.1755641944923688,3.242007783071202,5382,False,False,False
0.9986329453622296,3,0,5,1,2,-0.46221917755587,2.8964328103272123,4569,False,False,False
0.9986329453622296,3,0,6,0,1,-1.1364435651275524,0.455340683239393,4118,False,False,False
0.9986329453622296,3,0,0,0,1,-0.7306012981841219,0.41449871340083827,4911,False,False,False
0.9986329453622296,3,0,1,1,1,-0.15699150567829218,0.22243944707814997,5298,False,False,False
0.9986329453622296,3,0,2,1,1,0.38056540693298135,0.5999597354657011,5847,False,False,False
0.9986329453622296,3,0,3,1,1,0.42156564942110425,-0.9739087500486079,6312,False,False,False
0.9986329453622296,3,0,4,1,1,0.3395651644448591,-0.5242855341939402,6192,False,False,False
0.9986329453622296,3,0,5,1,2,-0.3255517025954614,-0.9980549668042504,4378,False,False,False
0.9986329453622296,3,0,6,0,2,0.10267669674648415,-1.0301810562630946,7836,False,False,False
0.9986329453622296,3,0,0,0,2,-0.12510425042052978,-0.821271087872966,5892,False,False,False
0.9986329453622296,3,0,1,1,1,0.27123142696465513,-0.3637325613919833,6153,False,False,False
0.9986329453622296,3,0,2,1,1,0.3577856722065809,-0.8937355629706482,6093,False,False,False
0.9986329453622296,3,0,3,1,2,0.19834392921876987,-1.3032231181079024,6230,True,False,False
0.9986329453622296,3,0,4,1,1,0.3213446566831373,-0.9416277116052355,6871,True,False,False
0.9986329453622296,3,0,5,1,2,0.5810128591079133,-0.9579231798114498,8362,True,False,False
0.9986329453622296,3,0,6,0,2,0.03889671953196021,0.02965708549433014,3372,True,False,False
0.9986329453622296,3,0,0,0,2,-0.3164387153651015,0.3911014167370819,4996,True,False,False
0.9986329453622296,3,0,1,1,1,-0.27088471261129826,2.535156340484366,5558,True,False,False
0.9986329453622296,3,0,2,1,1,-0.9405553399172998,-0.04253622888042801,5102,True,False,False
0.9986329453622296,3,0,3,1,1,-0.061324273206006155,1.3065400173296133,5698,True,False,False
0.9986329453622296,3,0,4,1,1,-0.006657283221842722,1.6678164871724594,6133,True,False,False
0.9986329453622296,3,0,5,1,2,-0.6854408977582044,-0.6768586342926953,5459,True,False,False
0.9986329453622296,3,0,6,0,2,-0.3893262131109865,0.776433716427929,6235,True,False,False
0.9986329453622296,4,0,0,0,2,-0.3802186925796248,-0.23525402838736104,6041,True,False,False
0.9986329453622296,4,0,1,1,1,-0.336047764672421,1.5708313352731915,5936,True,False,False
0.9986329453622296,4,0,2,1,1,-0.15699150567829218,-1.1666781992170503,6772,True,False,False
0.9986329453622296,4,0,3,1,1,0.2530109192029333,-0.12281271528140644,6436,True,False,False
0.9986329453622296,4,0,4,1,1,-0.33010546286114234,0.3750125471769051,6457,True,False,False
0.9986329453622296,4,0,5,1,1,-0.5032194200439926,1.4190975421739638,6460,True,False,False
0.9986329453622296,4,0,6,0,1,-0.3164387153651015,1.0896114389901506,6857,True,False,False
0.9986329453622296,4,0,0,0,1,0.025229972035919656,0.5437390789127238,5169,True,False,False
0.9986329453622296,4,0,1,1,1,-0.03399077821392444,2.165538450307752,5585,True,False,False
0.9986329453622296,4,0,2,1,1,-0.26632548564661906,0.7603964965292621,5918,True,False,False
0.9986329453622296,4,0,3,1,1,-0.801903453220466,1.3530634499342011,4862,True,False,False
0.9986329453622296,4,0,4,1,1,-0.5351066753017549,1.2905027974309458,5409,True,False,False
0.9986329453622296,4,0,5,1,1,-0.2891052203730198,-0.4521309570653141,6398,True,False,False
0.9986329453622296,4,0,6,0,1,-0.0021035229561620615,0.005562518400196912,7460,True,False,False
0.9986329453622296,4,0,0,0,1,0.608346354099995,0.44732207329005913,7132,True,False,False
0.9986329453622296,4,1,1,0,1,0.9226815465089344,1.2181932713177916,6370,True,False,False
0.9986329453622296,4,0,2,1,1,0.6174538746313569,1.0735742190914834,6691,True,False,False
0.9986329453622296,4,0,3,1,2,-0.17521748013901225,-0.2914875973557157,4367,True,False,False
0.9986329453622296,4,0,4,1,1,0.016116984805559762,-1.6083318723008186,6565,True,False,False
0.9986329453622296,4,0,5,1,1,0.17101043422668813,-0.5244404831784681,7290,True,False,False
0.9986329453622296,4,0,6,0,1,0.4078989019250631,1.2021560514191239,6624,True,False,False
0.9986329453622296,4,0,0,0,3,-0.5396604355674359,1.9892839804069393,1027,True,False,False
0.9986329453622296,4,0,1,1,2,-0.9496628604486613,1.4592293291667644,3214,True,False,False
0.9986329453622296,4,0,2,1,1,-0.44855243005982914,0.7604997958522806,5633,True,False,False
0.9986329453622296,4,0,3,1,1,-0.10232451569412873,-0.9257454406910963,6196,True,False,False
0.9986329453622296,4,0,4,1,2,0.016116984805559762,-0.1789817221728743,5026,True,False,False
0.9986329453622296,4,0,5,1,1,-0.20710473539677463,2.0291446066768155,6233,True,False,False
0.9986329453622296,4,0,6,0,2,-0.6489944155357628,-0.7813458995262028,4220,True,False,False
0.9986329453622296,4,0,0,0,1,-0.202550975131094,-0.9500724312620217,6304,True,False,False
0.9986329453622296,4,0,1,1,2,-0.17065825317433303,-0.2433759376597134,5572,True,False,False
0.9986329453622296,5,0,2,1,2,0.6447873696234386,-0.4440606974544708,5740,True,False,False
0.9986329453622296,5,0,3,1,1,0.3760116466673007,-0.6769748460310916,6169,True,False,False
0.9986329453622296,5,0,4,1,2,0.35323191194090026,-0.7332988019070874,6421,True,False,False
0.9986329453622296,5,0,5,1,1,0.7222340943340025,-0.35571395144264945,6296,True,False,False
0.9986329453622296,5,0,6,0,2,0.6903468390762402,-0.48414083478576225,6883,True,False,False
0.9986329453622296,5,0,0,0,2,0.36689865943694083,-0.5243371838554493,6359,True,False,False
0.9986329453622296,5,0,1,1,2,0.23023118447653224,0.5195283000801947,6273,True,False,False
0.9986329453622296,5,0,2,1,2,0.471678879139587,1.3628123235440996,5728,True,False,False
0.9986329453622296,5,0,3,1,2,0.4352323969171448,0.3347645484457083,4717,True,False,False
0.9986329453622296,5,0,4,1,1,0.05711722729368204,1.5956748224592106,6572,True,False,False
0.9986329453622296,5,0,5,1,1,0.2074514497501312,0.5997918740657957,7030,True,False,False
0.9986329453622296,5,0,6,0,1,0.3760116466673007,-0.8696926455380244,7429,True,False,False
0.9986329453622296,5,0,0,0,1,0.640233609357758,0.4471671243055312,6118,True,False,False
0.9986329453622296,5,0,1,1,2,0.4261194096867849,0.2867303632419702,2843,True,False,False
0.9986329453622296,5,0,2,1,2,0.6356798490920768,-0.5564503608989163,5115,True,False,False
0.9986329453622296,5,0,3,1,1,0.7723473240524853,-0.8777112554873583,7424,True,False,False
0.9986329453622296,5,0,4,1,1,0.5354533896551118,0.5034394305200179,7384,True,False,False
0.9986329453622296,5,0,5,1,1,0.3760116466673007,-0.6929991535143815,7639,True,False,False
0.9986329453622296,5,0,6,0,1,0.5718998718775534,-1.3753170068842548,8294,True,False,False
0.9986329453622296,5,0,0,0,1,0.6857876121115609,0.824855274092988,7129,True,False,False
0.9986329453622296,5,0,1,1,2,0.5627868846471935,0.5515898274621519,4359,True,False,False
0.9986329453622296,5,0,2,1,2,0.6539003568537985,-0.9338157003019395,6073,True,False,False
0.9986329453622296,5,0,3,1,2,0.6903468390762402,-1.1425707197075399,5260,True,False,False
0.9986329453622296,5,0,4,1,1,0.8725683167904523,-0.22713211911500866,6770,True,False,False
0.9986329453622296,5,0,5,1,1,1.009235791750861,-0.6447971069107377,6734,True,False,False
0.9986329453622296,5,0,6,0,1,1.077569529231065,0.10983027257228968,6536,True,False,False
0.9986329453622296,5,0,0,0,1,1.0639027817350237,0.3187402409624184,6591,True,False,False
0.9986329453622296,5,1,1,0,1,1.1869035091993918,0.0779236941748604,6043,True,False,False
0.9986329453622296,5,0,2,1,1,1.2415704991835552,1.3546904142717473,5743,True,False,False
0.9986329453622296,5,0,3,1,2,0.8816813040208121,-0.7251252429732256,6855,True,False,False
0.9986329453622296,5,0,4,1,1,1.009235791750861,0.0618864742761931,7338,True,False,False
0.9986329453622296,6,0,5,1,2,0.8680145565247717,0.607875046092016,4127,True,False,False
0.9986329453622296,6,0,6,0,1,0.48078639967094833,-0.050671050568157745,8120,True,False,False
0.9986329453622296,6,0,0,0,1,0.5855666193735946,-0.08262927862709646,7641,True,False,False
0.9986329453622296,6,0,1,1,1,0.5582331243815128,1.2182449209793011,6998,True,False,False
0.9986329453622296,6,0,2,1,2,0.24845169223825406,0.24648236451077377,7001,True,False,False
0.9986329453622296,6,0,3,1,1,0.3213446566831373,-1.463767052219095,7055,True,False,False
0.9986329453622296,6,0,4,1,1,0.5855666193735946,-0.42786852857127555,7494,True,False,False
0.9986329453622296,6,0,5,1,1,0.84068106153269,-0.1950189420715416,7736,True,False,False
0.9986329453622296,6,0,6,0,1,1.177790521969032,-0.5965434106455848,7498,True,False,False
0.9986329453622296,6,0,0,0,1,1.2643502339099557,-0.7329759915226537,6598,True,False,False
0.9986329453622296,6,0,1,1,2,1.2324575119531946,0.22243944707814997,6664,True,False,False
0.9986329453622296,6,0,2,1,2,0.8634553295600924,0.3106699813515751,4972,True,False,False
0.9986329453622296,6,0,3,1,1,0.877122077056133,1.9729239501238378,7421,True,False,False
0.9986329453622296,6,0,4,1,1,0.8361218345680107,0.8166688027437484,7363,True,False,False
0.9986329453622296,6,0,5,1,1,0.7860140715485264,-0.1790850214958932,7665,True,False,False
0.9986329453622296,6,0,6,0,1,0.7450138290604036,-0.3075635545005151,7702,True,False,False
0.9986329453622296,6,0,0,0,1,0.5308996293894311,-0.5885764503577604,6978,True,False,False
0.9986329453622296,6,0,1,1,2,0.3987859146947032,-0.20324415066691287,5099,True,False,False
0.9986329453622296,6,0,2,1,1,1.0547897945046638,-0.548380101288073,6825,True,False,False
0.9986329453622296,6,0,3,1,1,1.5695724390885353,-0.9900492692702941,6211,True,False,False
0.9986329453622296,6,0,4,1,1,1.6971269268185838,-0.925810002767983,5905,False,True,False
0.9986329453622296,6,0,5,1,1,1.5422389440964535,-0.09870523577189586,5823,False,True,False
0.9986329453622296,6,0,6,0,1,1.2916837289020373,-0.1390048841646021,7458,False,True,False
0.9986329453622296,6,0,0,0,1,1.3554582394175627,-0.580557840408427,6891,False,True,False
0.9986329453622296,6,0,1,1,1,1.2051240169611135,1.4190329800970773,6779,False,True,False
0.9986329453622296,6,0,2,1,1,0.7404546020957243,2.0292608184152114,7442,False,True,False
0.9986329453622296,6,0,3,1,1,1.1049030242231466,1.0496346009818782,7335,False,True,False
0.9986329453622296,6,0,4,1,1,1.3873509613743236,-0.24322098867518543,6879,False,True,False
0.9986329453622296,6,0,5,1,1,1.8520203762397123,-0.3237040737222013,5463,False,True,False
0.9986329453622296,6,0,6,0,1,1.4739052066162495,-0.37982143095216003,5687,False,True,False
0.9986329453622296,7,0,0,0,1,1.7517939168027472,-0.2835206370678913,5531,False,True,False
0.9986329453622296,7,0,1,1,1,1.5650186788228546,0.06173152529166476,6227,False,True,False
0.9986329453622296,7,0,2,1,1,1.5604594518581754,-0.8296125082067335,6660,False,True,False
0.9986329453622296,7,1,3,0,1,1.6060189213109768,-0.7171066330238921,7403,False,True,False
0.9986329453622296,7,0,4,1,1,1.8155738940172705,0.0457459550545069,6241,False,True,False
0.9986329453622296,7,0,5,1,1,1.8201276542829512,-0.5725908801206026,6207,False,True,False
0.9986329453622296,7,0,6,0,1,2.0023545986961615,-0.3477599035702024,4840,False,True,False
0.9986329453622296,7,0,0,0,1,1.788240399025189,-0.8374632567561616,4672,False,True,False
0.9986329453622296,7,0,1,1,2,1.177790521969032,-0.12281271528140644,6569,False,True,False
0.9986329453622296,7,0,2,1,2,1.2324575119531946,-0.5003459160843349,6290,False,True,False
0.9986329453622296,7,0,3,1,1,1.2096832439257927,-0.5003975657458444,7264,False,True,False
0.9986329453622296,7,0,4,1,1,1.2051240169611135,-0.5644173211867407,7446,False,True,False
0.9986329453622296,7,0,5,1,2,1.2916837289020373,-1.4156683049384702,7499,False,True,False
0.9986329453622296,7,0,6,0,2,1.136790279480909,-0.6043941591950129,6969,False,True,False
0.9986329453622296,7,0,0,0,1,1.3691249869136033,-0.3075635545005151,6031,False,True,False
0.9986329453622296,7,0,1,1,1,1.4647922193858895,-0.33958634463634063,6830,False,True,False
0.9986329453622296,7,0,2,1,1,1.7654606642987878,-0.9820823089824697,6786,False,True,False
0.9986329453622296,7,0,3,1,1,1.6287931893383794,-0.6849288939035382,5713,False,True,False
0.9986329453622296,7,0,4,1,1,1.5012387016083313,-0.32354912473767333,6591,False,True,False
0.9986329453622296,7,0,5,1,2,0.9317890670402964,0.23863161596134563,5870,False,True,False
0.9986329453622296,7,0,6,0,3,0.5491201371511524,0.29458111179139834,4459,False,True,False
0.9986329453622296,7,0,0,0,2,0.9409020542706563,-1.2468927060242176,7410,False,True,False
0.9986329453622296,7,0,1,1,1,1.3463507188862007,-0.6689045864202483,6966,False,True,False
0.9986329453622296,7,0,2,1,1,1.396458481905685,0.27074479300481236,7592,False,True,False
0.9986329453622296,7,0,3,1,1,1.2506834864139151,-0.3316710340100257,8173,False,True,False
0.9986329453622296,7,0,4,1,1,1.5376851838307728,1.2179866726717539,6861,False,True,False
0.9986329453622296,7,0,5,1,1,1.5650186788228546,-0.48414083478576225,6904,False,True,False
0.9986329453622296,7,0,6,0,1,1.4237919768977667,-0.42786852857127555,6685,False,True,False
0.9986329453622296,7,0,0,0,1,1.237016738917874,-0.25941315755838107,6597,False,True,False
0.9986329453622296,7,0,1,1,1,1.287124501937358,-0.47607057517491896,7105,False,True,False
0.9986329453622296,7,0,2,1,1,1.1914572694650725,-0.3236007743991828,7216,False,True,False
0.9986329453622296,8,0,3,1,1,1.2142370041914734,-0.6366751976383853,7580,False,True,False
0.9986329453622296,8,0,4,1,1,1.4055714691360448,-0.7893645094755367,7261,False,True,False
0.9986329453622296,8,0,5,1,2,1.4784589668819301,0.3267588509117522,7175,False,True,False
0.9986329453622296,8,0,6,0,1,1.6287931893383794,0.8647675500243738,6824,False,True,False
0.9986329453622296,8,0,0,0,1,1.4966849413426506,1.2903994981079268,5464,False,True,False
0.9986329453622296,8,0,1,1,2,1.4055714691360448,-0.7893645094755367,7013,False,True,False
0.9986329453622296,8,0,2,1,2,1.3144579969294399,-0.9500724312620217,7273,False,True,False
0.9986329453622296,8,0,3,1,2,1.3919047216400042,-1.030232705924604,7534,False,True,False
0.9986329453622296,8,0,4,1,1,1.4237919768977667,-0.44400904779296174,7286,False,True,False
0.9986329453622296,8,0,5,1,2,1.2051240169611135,0.6240155653137023,5786,False,True,False
0.9986329453622296,8,0,6,0,2,1.077569529231065,0.2065055265025012,6299,False,True,False
0.9986329453622296,8,0,0,0,1,1.1231235319848685,-0.8777112554873583,6544,False,True,False
0.9986329453622296,8,0,1,1,1,1.2324575119531946,-0.7008111648176776,6883,False,True,False
0.9986329453622296,8,0,2,1,1,1.2643502339099557,-0.2753987277955389,6784,False,True,False
0.9986329453622296,8,0,3,1,1,1.1550162539416293,-0.267483417169224,7347,False,True,False
0.9986329453622296,8,0,4,1,1,1.2233499914218333,-0.6287082373505609,7605,False,True,False
0.9986329453622296,8,0,5,1,1,1.2461242594492359,0.5277018590140565,7148,False,True,False
0.9986329453622296,8,0,6,0,1,1.0001228045205004,-0.16294450227420698,7865,False,True,False
0.9986329453622296,8,0,0,0,2,0.767788097087806,-1.343358778825316,4549,False,True,False
0.9986329453622296,8,0,1,1,2,0.767788097087806,-0.7812942498646934,6530,False,True,False
0.9986329453622296,8,0,2,1,1,0.84068106153269,-1.519990291255148,7006,False,True,False
0.9986329453622296,8,0,3,1,1,0.9409020542706563,-1.5521099245063033,7375,False,True,False
0.9986329453622296,8,0,4,1,1,1.0957900369927867,-1.3673009794179964,7765,False,True,False
0.9986329453622296,8,0,5,1,2,1.1322365192152284,-1.528060550865991,7582,False,True,False
0.9986329453622296,8,0,6,0,2,0.909014799012894,0.6962605293499695,6053,False,True,False
0.9986329453622296,8,0,0,0,2,0.8634553295600924,0.49547247023219354,5255,False,True,False
0.9986329453622296,8,0,1,1,1,1.136790279480909,-0.7973831194248705,6917,False,True,False
0.9986329453622296,8,0,2,1,1,1.2734577544413175,0.005665817723215807,7040,False,True,False
0.9986329453622296,8,0,3,1,1,1.0365692867429426,-1.0061897884919804,7697,False,True,False
0.9986329453622296,8,0,4,1,1,1.1550162539416293,-1.4638742252667272,7713,False,True,False
0.9986329453622296,8,0,5,1,1,1.4693514463505688,-0.2834689874063822,7350,False,True,False
0.9986329453622296,9,0,6,0,2,1.4101252294017261,-0.9981195288811372,6140,False,True,False
0.9986329453622296,9,0,0,0,2,1.100349263957466,-1.6323283050380837,5810,False,True,False
0.9986329453622296,9,1,1,0,1,1.15957001420731,-0.5082999639567819,6034,False,True,False
0.9986329453622296,9,0,2,1,1,1.2597910069452765,0.5918378261933487,6864,False,True,False
0.9986329453622296,9,0,3,1,1,1.3190172238941191,-0.03458218100798099,7112,False,True,False
0.9986329453622296,9,0,4,1,2,1.100349263957466,-0.620637977739718,6203,False,True,False
0.9986329453622296,9,0,5,1,1,1.136790279480909,-0.24327263833669488,7504,False,True,False
0.9986329453622296,9,0,6,0,2,0.8953480515168527,1.170094524037167,5976,False,True,False
0.9986329453622296,9,0,0,0,1,0.6265668618617168,0.43914851435619734,8227,False,True,False
0.9986329453622296,9,0,1,1,1,0.48078639967094833,0.8809726313229468,7525,False,True,False
0.9986329453622296,9,0,2,1,1,0.44889914441318596,-1.270995020567577,7767,False,True,False
0.9986329453622296,9,0,3,1,1,0.5673461116118728,-0.7571867703551832,7870,False,True,False
0.9986329453622296,9,0,4,1,1,0.640233609357758,-1.3915117582505259,7804,False,True,False
0.9986329453622296,9,0,5,1,1,0.7541213495917656,-1.1185148898595387,8009,False,True,False
0.9986329453622296,9,0,6,0,1,0.6174538746313569,0.7364568784196568,8714,False,True,False
0.9986329453622296,9,0,0,0,1,0.46256589190922653,-1.2951528584970593,7333,False,True,False
0.9986329453622296,9,0,1,1,2,0.4671196521749078,-0.5002813540074484,6869,False,True,False
0.9986329453622296,9,0,2,1,2,0.699454359607602,2.1576747893429467,4073,False,True,False
0.9986329453622296,9,0,3,1,1,0.31223166945277736,0.3187918906239278,7591,False,True,False
0.9986329453622296,9,0,4,1,1,0.280344414195015,-0.9338157003019395,7720,False,True,False
0.9986329453622296,9,0,5,1,1,0.5673461116118728,-0.4681681769639814,8167,False,True,False
0.9986329453622296,9,0,6,0,1,0.8452348217983706,1.2021044017576146,8395,False,True,False
0.9986329453622296,9,0,0,0,1,0.1846771817227293,0.4231629441190395,7907,False,False,True
0.9986329453622296,9,0,1,1,1,0.10267669674648415,-0.6208574888011328,7436,False,False,True
0.9986329453622296,9,0,2,1,1,0.29856492195673684,0.5918378261933487,7538,False,False,True
0.9986329453622296,9,0,3,1,1,0.7632343368221254,0.696157230026951,7733,False,False,True
0.9986329453622296,9,0,4,1,2,0.8452348217983706,-0.7249573815733202,7393,False,False,True
0.9986329453622296,9,0,5,1,2,0.6766800915801996,-0.3396896439593595,7415,False,False,True
0.9986329453622296,9,0,6,0,1,0.25756467946861394,0.47928030134899785,8555,False,False,True
0.9986329453622296,9,0,0,0,1,0.17101043422668813,-0.7170033337008732,6889,False,False,True
0.9986329453622296,10,0,1,1,2,0.1391177122699272,-1.2871355397892632,6778,False,False,True
0.9986329453622296,10,0,2,1,3,0.5217866421590712,-1.1106124916486013,4639,False,False,True
0.9986329453622296,10,0,3,1,2,0.8862350642864928,-1.6003700769791451,7572,False,False,True
0.9986329453622296,10,0,4,1,2,0.8862350642864928,-0.9418343102512731,7328,False,False,True
0.9986329453622296,10,0,5,1,1,0.6539003568537985,-1.086401712816072,8156,False,False,True
0.9986329453622296,10,0,6,0,1,0.3213446566831373,1.00121304331682,7965,False,False,True
0.9986329453622296,10,0,0,0,2,-0.4348856825637883,-0.6368947086998001,3510,False,False,True
0.9986329453622296,10,1,1,0,2,-0.6125534000123194,-0.010423051836961308,5478,False,False,True
0.9986329453622296,10,0,2,1,2,-0.26632548564661906,-0.0024044418876274743,6392,False,False,True
0.9986329453622296,10,0,3,1,1,0.10267669674648415,-0.034414319608075644,7691,False,False,True
0.9986329453622296,10,0,4,1,1,-0.33010546286114234,-0.11479410533207261,7570,False,False,True
0.9986329453622296,10,0,5,1,1,-0.3164387153651015,0.5759684676945868,7282,False,False,True
0.9986329453622296,10,0,6,0,1,-0.557886410028156,-0.5725908801206026,7109,False,False,True
0.9986329453622296,10,0,0,0,1,0.14367693923460642,1.1379167849168135,6639,False,False,True
0.9986329453622296,10,0,1,1,2,0.36234489917126017,1.3629156228671186,5875,False,False,True
0.9986329453622296,10,0,2,1,1,-0.14788398514693055,-0.1067238457212297,7534,False,False,True
0.9986329453622296,10,0,3,1,1,-0.21621772262713485,-1.1506926289798924,7461,False,False,True
0.9986329453622296,10,0,4,1,2,0.14823069950028708,0.5997918740657957,7509,False,False,True
0.9986329453622296,10,0,5,1,2,0.3714524197026215,-0.7170549833623826,5424,False,False,True
0.9986329453622296,10,0,6,0,1,-0.061324273206006155,-0.9419505219896692,8090,False,False,True
0.9986329453622296,10,0,0,0,1,-0.17065825317433303,-0.31547886512683004,6824,False,False,True
0.9986329453622296,10,0,1,1,1,-0.04310376544428464,-1.4074908722799953,7058,False,False,True
0.9986329453622296,10,0,2,1,1,0.26667766669897386,-1.2388224464133744,7466,False,False,True
0.9986329453622296,10,0,3,1,1,0.5035661343973494,-1.5198818269659782,7693,False,False,True
0.9986329453622296,10,0,4,1,2,0.29856492195673684,-0.853655425639357,7359,False,False,True
0.9986329453622296,10,0,5,1,2,0.2757851872303358,-0.7491681604058493,7444,False,False,True
0.9986329453622296,10,0,6,0,2,0.18923094198840995,0.5837159169209963,7852,False,False,True
0.9986329453622296,10,0,0,0,2,-0.09777075542844807,2.679607531310768,4459,False,False,True
0.9986329453622296,10,0,1,1,3,-0.30277196786906063,2.1655900999692617,22,False,False,True
0.9986329453622296,10,0,2,1,2,-0.968714306458142,0.29082359891659,1096,False,False,True
0.9986329453622296,10,0,3,1,2,-0.7537746352384087,-0.3075635545005151,5566,False,False,True
0.9986329453622296,11,0,4,1,2,-0.7082206324846051,-0.4279201782327846,5986,False,False,True
0.9986329453622296,11,0,5,1,1,-0.7674413827344495,0.9773250748687242,5847,False,False,True
0.9986329453622296,11,0,6,0,2,-0.8312213599489728,1.0335457314217018,5138,False,False,True
0.9986329453622296,11,0,0,0,1,-0.9268885924212589,-0.14692019479091703,5107,False,False,True
0.9986329453622296,11,0,1,1,1,-0.9633296079447022,0.5918894758548582,5259,False,False,True
0.9986329453622296,11,0,2,1,1,-1.1728900473499941,-0.2191651588271843,5686,False,False,True
0.9986329453622296,11,0,3,1,2,-1.090889562373749,1.467131727377702,5035,False,False,True
0.9986329453622296,11,0,4,1,1,-0.782890274103974,2.03175291458304,5315,False,False,True
0.9986329453622296,11,0,5,1,1,-0.7309949005120077,0.3108249303361034,5992,False,False,True
0.9986329453622296,11,0,6,0,1,-0.5806606780555584,-1.7127080907620809,6536,False,False,True
0.9986329453622296,11,0,0,0,1,-0.4075521875717066,-0.8133041275851416,6852,False,False,True
0.9986329453622296,11,1,1,0,1,-0.05677051294032549,-0.21911350916567485,6269,False,False,True
0.9986329453622296,11,0,2,1,2,-0.8312213599489728,1.9570029419635668,4094,False,False,True
0.9986329453622296,11,0,3,1,1,-1.1273305778971923,0.1180038315061515,5495,False,False,True
0.9986329453622296,11,0,4,1,2,-0.9496628604486613,-0.48420539686264874,5445,False,False,True
0.9986329453622296,11,0,5,1,1,-0.8221083727186129,-0.25129124828602833,5698,False,False,True
0.9986329453622296,11,0,6,0,1,-0.9314423526869395,-0.13890158484158321,5629,False,False,True
0.9986329453622296,11,0,0,0,1,-0.8357751202146535,0.47938360067201674,4669,False,False,True
0.9986329453622296,11,0,1,1,2,-0.6262201475083603,0.575645657310153,5499,False,False,True
0.9986329453622296,11,0,2,1,2,-0.6626611630318033,-1.3914575261059408,5634,False,False,True
0.9986329453622296,11,0,3,1,1,-0.7765543699648094,-1.126481850147363,5146,False,False,True
0.9986329453622296,11,1,4,0,1,-0.8494418677106944,-1.7769473572643921,2425,False,False,True
0.9986329453622296,11,0,5,1,1,-0.6945538849885643,-0.5483284516265636,3910,False,False,True
0.9986329453622296,11,0,6,0,1,-1.186556794846035,2.406677807479744,2277,False,False,True
0.9986329453622296,11,0,0,0,1,-1.364224512294566,-0.5163185739061158,2424,False,False,True
0.9986329453622296,11,0,1,1,1,-0.9952223299014632,-1.8572729108438044,5087,False,False,True
0.9986329453622296,11,0,2,1,2,-1.1136638304011515,0.6078621336766387,3959,False,False,True
0.9986329453622296,11,0,3,1,1,-1.0863303354090696,0.2625712340709505,5260,False,False,True
0.9986329453622296,11,0,4,1,1,-1.1726877794870525,-0.9679690389750274,5323,False,False,True
0.9986329453622296,11,0,5,1,1,-1.077222814877708,-1.7046378311512376,5668,False,False,True
0.9986329453622296,12,0,6,0,2,-1.077222814877708,-1.6887116580248156,5191,False,False,True
0.9986329453622296,12,0,0,0,2,-0.8084416252225721,-0.8536037759778476,4649,False,False,True
0.9986329453622296,12,0,1,1,1,-0.23443823038885636,-1.3915117582505259,6234,False,False,True
0.9986329453622296,12,0,2,1,1,-0.10688374265880797,-0.21121111095473727,6606,False,False,True
0.9986329453622296,12,0,3,1,1,-0.3118849550994208,1.7242566547868519,5729,False,False,True
0.9986329453622296,12,0,4,1,1,-1.3095575223104026,-0.20314085134389434,5375,False,False,True
0.9986329453622296,12,0,5,1,2,-0.9542220874133406,-0.77327563991536,5008,False,False,True
0.9986329453622296,12,0,6,0,2,-0.621660920543681,-1.1505893296568737,5582,False,False,True
0.9986329453622296,12,0,0,0,2,-0.6079941730476403,-0.41979826896043226,3228,False,False,True
0.9986329453622296,12,0,1,1,2,-0.3255517025954614,-0.0023011425646085795,5170,False,False,True
0.9986329453622296,12,0,2,1,2,-0.7765543699648094,1.3629156228671186,5501,False,False,True
0.9986329453622296,12,0,3,1,2,-1.081776575143389,-0.3557268638580268,5319,False,False,True
0.9986329453622296,12,0,4,1,1,-1.090889562373749,-0.21121111095473727,5532,False,False,True
0.9986329453622296,12,0,5,1,1,-1.1683308203853149,-0.7651537306430072,5611,False,False,True
0.9986329453622296,12,0,6,0,1,-0.9359961129526205,-1.086401712816072,5047,False,False,True
0.9986329453622296,12,0,0,0,2,-0.726441140246327,-1.1588145382522448,3786,False,False,True
0.9986329453622296,12,0,1,1,2,-0.557886410028156,-1.1908851043249664,4585,False,False,True
0.9986329453622296,12,0,2,1,1,-0.46221917755587,0.3992233260094342,5557,False,False,True
0.9986329453622296,12,0,3,1,1,-0.8904421101988169,-0.08256471655020965,5267,False,False,True
0.9986329453622296,12,0,4,1,2,-0.9041088576948578,-0.7492198100673588,4128,False,False,True
0.9986329453622296,12,0,5,1,2,-0.9223293654565796,2.3745517180209,3623,False,False,False
0.9986329453622296,12,0,6,0,1,-1.2548905323262391,2.800183666104453,1749,False,False,False
0.9986329453622296,12,0,0,0,1,-1.364224512294566,-0.7412141125334023,1787,False,False,False
0.9986329453622296,12,0,1,1,2,-1.443650182042557,-1.4624060836383224,920,False,False,False
0.9986329453622296,12,1,2,0,2,-1.1156482421375764,-0.2809768912385539,1013,False,False,False
0.9986329453622296,12,0,3,1,3,-1.3778912597906066,1.6277363498411683,441,False,False,False
0.9986329453622296,12,0,4,1,2,-1.3186650428417643,2.0614256451201878,2114,False,False,False
0.9986329453622296,12,0,5,1,2,-1.3232242698064436,-0.4521309570653141,3095,False,False,False
0.9986329453622296,12,0,6,0,2,-1.3232242698064436,-0.8535521263163384,1341,False,False,False
0.9986329453622296,12,0,0,0,1,-1.3095575223104026,2.0694442550695213,1796,False,False,False
0.9986329453622296,12,0,1,1,2,-1.528225482247056,-0.46020121667615704,2729,False,False,False
